HY_yCwAAQBAJ,"Зарабатывайте столько, сколько вы стоите","Брайан Трейси"
-ESlCgAAQBAJ,"Как управляют лучшие","Брайан Трейси"
Yk6dDQAAQBAJ,"Правила богатства. Брайан Трейси","Брайан ТрейсиДжон Грэшем"
1-loAwAAQBAJ,"Делегирование и управление","Брайан Трейси"
fsxPDwAAQBAJ,"Выйди из зоны комфорта","Брайан Трейси"
75EcDQAAQBAJ,"Нет оправданий!","Брайан Трейси"
rFeaCwAAQBAJ,Менеджмент,"Брайан Трейси"
GZryCwAAQBAJ,"Достижение максимума: 12 принципов","Брайан Трейси"
wneaCwAAQBAJ,"Полная вовлеченность","Брайан Трейси"
Ex2MAwAAQBAJ,Мотивация,"Брайан Трейси"
